id,northings,eastings,grid1mil,grid100k,usng,shape_leng,shape_area,geometry
0,3,68,11S,KB,11S KB 6803,4000.00000007,1000000.0,"POLYGON ((268999.9962999998 4102999.9978, 267999.9962999998 4102999.997199999, 267999.9950999999 4103999.997199999, 268999.9950999999 4103999.9978, 268999.9962999998 4102999.9978))"
